{"model":{"version":2,"nodes":[{"name":"RootNode","position":[0,0,0],"rotation":[0,0,0],"scale":[1,1,1]},{"name":"Object004","position":[0.827217,0.845709,0.853373],"rotation":[31.2369,61.3538,118.025],"scale":[0.01,0.01,0.01]}],"parents":[-1,0],"skins":[],"vertices":[{"position":{"type":"float32","components":3,"data":[54.7937,-13.3164,-22.1782,60.9742,-11.0343,-17.2187,46.8205,-8.37161,-13.0341,41.8101,-9.92944,-16.8293,72.0644,-17.5366,-29.4051,77.2446,-14.35,-23.1375,117.001,-27.6182,-48.4149,123.024,-24.9396,-42.9038,112.23,-22.251,-37.5714,106.672,-25.5646,-44.0186,120.346,-16.8003,-28.6268,126.474,-11.8545,-22.2878,108.333,-6.93903,-13.813,102.268,-12.3755,-20.7203,54.4202,-13.4402,-22.3821,41.5053,-10.0627,-17.0685,106.364,-25.7216,-44.2503,89.3464,-21.6164,-36.6927,88.9773,-21.7531,-36.8931,30.2167,-7.0308,-12.6312,30.5216,-6.89122,-12.3956,14.903,-2.59981,-6.38471,14.5946,-2.76555,-6.60177,13.1394,-1.27691,-3.99497,12.604,-1.25761,-4.02399,12.3035,-0.974124,-3.71252,12.8927,-0.978621,-3.70133,38.6664,-1.9038,-2.72968,38.4176,-2.08339,-2.98842,58.7403,-2.41541,-3.25332,58.8466,-2.18421,-2.95128,78.1188,-2.9848,-5.02941,78.3686,-2.78625,-4.78886,90.4782,-3.63931,-7.40862,90.6161,-3.41818,-7.09388,126.768,-11.6695,-22.0717,108.498,-6.72103,-13.5128,138.32,-15.7457,-29.2675,138.624,-15.5653,-29.0521,132.135,-20.3948,-35.2115,116.729,-27.788,-48.6733,94.6612,-18.1097,-30.0162,71.6932,-17.6688,-29.6056,84.8446,-9.00149,-14.3088,70.4966,-6.9464,-10.1288,52.9475,-5.52992,-7.74479,33.5239,-5.97622,-9.95743,35.2368,-4.122,-6.19628,126.195,-29.4131,-52.3435,132.484,-27.2679,-47.651,142.073,-23.4006,-40.9234,148.805,-19.898,-36.6362,149.142,-19.7308,-36.4381,125.914,-29.5861,-52.6079,132.874,-27.3635,-47.8475,126.606,-29.4918,-52.5185,149.141,-20.0233,-36.8638,142.437,-23.511,-41.1343,149.472,-19.8539,-36.6616,126.299,-29.6603,-52.7726]},"normal":{"type":"float32","components":3,"data":[-0.0170955,-0.875119,0.483607,-0.0157459,-0.879643,0.475374,-0.0384685,-0.883257,0.467308,-0.0402282,-0.879256,0.474649,0.00121855,-0.869574,0.493801,0.00142987,-0.875158,0.483835,0.0269112,-0.87919,0.475711,0.0112464,-0.886005,0.463539,0.0108239,-0.876776,0.480777,0.0218972,-0.871558,0.489803,0.0403228,-0.838882,0.542818,0.0655341,-0.808649,0.58463,0.0531719,-0.815201,0.576732,0.0394083,-0.83428,0.54993,-0.00225253,-0.853269,0.521467,-0.0247717,-0.859483,0.510564,0.0382157,-0.850167,0.525125,0.0107094,-0.867021,0.498157,0.0259454,-0.847472,0.530206,-0.0237978,-0.845934,0.532756,-0.0500787,-0.874518,0.4824,-0.00357788,-0.8557,0.517461,0.0431956,-0.829372,0.557024,-0.051716,-0.810571,0.583353,-0.0609324,-0.806806,0.587666,-0.0411649,-0.739948,0.671403,-0.0297921,-0.713627,0.699892,-0.0183707,-0.812501,0.582671,-0.0311286,-0.816815,0.57606,0.0101379,-0.809086,0.587602,0.01617,-0.796637,0.604241,0.047292,-0.804979,0.591415,0.0588344,-0.799349,0.59798,0.0585653,-0.820409,0.568771,0.0547156,-0.828129,0.557861,0.0722439,-0.804221,0.589923,0.048605,-0.820724,0.569253,0.0730687,-0.817476,0.571309,0.0762655,-0.814891,0.574575,0.0444407,-0.847125,0.529532,0.0490382,-0.85761,0.511957,0.00693922,-0.871644,0.490091,0.0165757,-0.848716,0.528589,0.039941,-0.838245,0.543829,0.0205803,-0.841047,0.54057,-0.00945538,-0.846171,0.532827,-0.067692,-0.891111,0.448708,-0.0477612,-0.855316,0.515901,0.0249639,-0.884273,0.466303,0.00660389,-0.89162,0.452736,0.0433171,-0.850947,0.523463,0.0727648,-0.822585,0.563968,0.0747712,-0.821128,0.565825,0.0505294,-0.859463,0.508695,0.0111956,-0.890584,0.45468,0.0202335,-0.893074,0.449455,0.0741928,-0.823247,0.562814,0.0498074,-0.846947,0.529339,0.0756949,-0.821886,0.564601,0.0514974,-0.85992,0.507825]},"color":{"type":"uint8","components":4,"data":[255,255,255,255,255,255,255,255,255,255,255,255,255,255,255,255,255,255,255,255,255,255,255,255,255,255,255,255,255,255,255,255,255,255,255,255,255,255,255,255,255,255,255,255,255,255,255,255,255,255,255,255,255,255,255,255,255,255,255,255,255,255,255,255,255,255,255,255,255,255,255,255,255,255,255,255,255,255,255,255,255,255,255,255,255,255,255,255,255,255,255,255,255,255,255,255,255,255,255,255,255,255,255,255,255,255,255,255,255,255,255,255,255,255,255,255,255,255,255,255,255,255,255,255,255,255,255,255,255,255,255,255,255,255,255,255,255,255,255,255,255,255,255,255,255,255,255,255,255,255,255,255,255,255,255,255,255,255,255,255,255,255,255,255,255,255,255,255,255,255,255,255,255,255,255,255,255,255,255,255,255,255,255,255,255,255,255,255,255,255,255,255,255,255,255,255,255,255,255,255,255,255,255,255,255,255,255,255,255,255,255,255,255,255,255,255,255,255,255,255,255,255,255,255,255,255,255,255,255,255,255,255,255,255,255,255,255,255,255,255]},"texCoord0":{"type":"float32","components":2,"data":[0.809752,0.628558,0.798772,0.604418,0.846824,0.608516,0.856206,0.627108,0.748035,0.630323,0.742101,0.602867,0.587784,0.634118,0.578229,0.60819,0.617769,0.604957,0.624497,0.633554,0.607775,0.563535,0.600253,0.531906,0.666391,0.52705,0.672751,0.560806,0.810535,0.629751,0.856738,0.628313,0.625033,0.634779,0.68631,0.632013,0.687075,0.63321,0.896953,0.62745,0.896417,0.626245,0.951969,0.625246,0.952507,0.626443,0.960716,0.619553,0.96225,0.620308,0.963669,0.619509,0.96201,0.618675,0.886792,0.583547,0.887105,0.584798,0.826953,0.559173,0.827143,0.557918,0.767699,0.538923,0.767374,0.537683,0.728266,0.529523,0.728369,0.528216,0.599758,0.530691,0.666392,0.525747,0.55496,0.539712,0.55443,0.538492,0.563304,0.569961,0.588179,0.635384,0.680671,0.602879,0.748811,0.631516,0.733412,0.562564,0.781622,0.567867,0.836742,0.582838,0.89095,0.614695,0.891403,0.600138,0.555114,0.6346,0.543499,0.611164,0.525634,0.575738,0.513052,0.550687,0.512385,0.549486,0.555526,0.635889,0.542063,0.611287,0.553653,0.634633,0.511732,0.551007,0.524251,0.575956,0.511121,0.549821,0.554194,0.635874]}}],"meshes":[{"aabb":{"min":[12.3035,-29.6603,-52.7726],"max":[149.472,1.17549e-38,1.17549e-38]},"vertices":0,"indices":[0,1,2,2,3,0,4,5,1,1,0,4,6,7,8,8,9,6,10,11,12,12,13,10,14,0,3,3,15,14,16,9,17,17,18,16,19,20,21,21,22,19,22,21,23,23,24,22,25,24,23,23,26,25,27,28,29,29,30,27,30,29,31,31,32,30,32,31,33,33,34,32,12,11,35,35,36,12,33,12,36,36,34,33,35,11,37,37,38,35,23,28,27,27,26,23,11,10,39,39,37,11,9,16,40,40,6,9,9,8,41,41,17,9,4,42,18,18,17,4,33,43,13,13,12,33,44,31,29,29,45,44,46,20,3,3,2,46,20,19,15,15,3,20,28,47,45,45,29,28,17,41,5,5,4,17,0,14,42,42,4,0,31,44,43,43,33,31,47,28,23,23,21,47,8,10,13,13,41,8,7,39,10,10,8,7,41,13,43,43,5,41,1,44,45,45,2,1,2,45,47,47,46,2,5,43,44,44,1,5,21,20,46,46,47,21,48,49,7,7,6,48,37,39,50,50,51,37,51,52,38,38,37,51,6,40,53,53,48,6,39,7,49,49,50,39,54,49,48,48,55,54,56,51,50,50,57,56,58,52,51,51,56,58,55,48,53,53,59,55,57,50,49,49,54,57],"type":"triangles","base":0,"count":276}],"meshInstances":[{"node":1,"mesh":0}]}}