{"model":{"version":2,"nodes":[{"name":"RootNode","position":[0,0,0],"rotation":[0,0,0],"scale":[1,1,1]},{"name":"Object005","position":[-0.827217,0.845709,0.853373],"rotation":[-31.2369,61.3539,61.9752],"scale":[0.01,0.01,0.01]}],"parents":[-1,0],"skins":[],"vertices":[{"position":{"type":"float32","components":3,"data":[54.7937,13.3164,-22.1782,41.8101,9.92943,-16.8293,46.8205,8.37161,-13.034,60.9742,11.0343,-17.2187,72.0644,17.5366,-29.4051,77.2447,14.35,-23.1375,117.001,27.6182,-48.4149,106.672,25.5646,-44.0185,112.23,22.251,-37.5713,123.024,24.9397,-42.9038,120.346,16.8003,-28.6267,102.268,12.3756,-20.7203,108.333,6.93904,-13.8129,126.475,11.8545,-22.2877,54.4202,13.4402,-22.3821,41.5053,10.0627,-17.0685,106.364,25.7216,-44.2503,88.9773,21.7531,-36.8931,89.3464,21.6164,-36.6927,30.2168,7.0308,-12.6312,14.5946,2.76555,-6.60177,14.903,2.59981,-6.38471,30.5216,6.89122,-12.3956,12.604,1.2576,-4.024,13.1394,1.2769,-3.99497,12.3035,0.974119,-3.71253,12.8927,0.978615,-3.70134,38.6664,1.9038,-2.72967,58.8466,2.18421,-2.95126,58.7403,2.41542,-3.25331,38.4177,2.08339,-2.98842,78.3686,2.78625,-4.78884,78.1188,2.9848,-5.02939,90.6161,3.41818,-7.09385,90.4782,3.63931,-7.40859,108.498,6.72104,-13.5127,126.768,11.6695,-22.0716,138.624,15.5653,-29.052,138.32,15.7457,-29.2674,132.135,20.3948,-35.2115,116.729,27.788,-48.6733,94.6612,18.1097,-30.0162,71.6933,17.6688,-29.6056,84.8446,9.0015,-14.3088,70.4966,6.94641,-10.1287,52.9475,5.52992,-7.74478,33.5239,5.97622,-9.95742,35.2368,4.12199,-6.19628,126.195,29.4131,-52.3435,132.484,27.268,-47.6509,148.805,19.898,-36.6362,142.073,23.4006,-40.9234,149.142,19.7308,-36.438,125.914,29.5862,-52.6079,132.874,27.3635,-47.8475,126.606,29.4919,-52.5184,149.141,20.0233,-36.8637,142.437,23.511,-41.1342,149.472,19.8539,-36.6615,126.299,29.6603,-52.7725]},"normal":{"type":"float32","components":3,"data":[-0.0170977,0.87512,0.483603,-0.0402276,0.879255,0.47465,-0.0384689,0.883257,0.467308,-0.0157461,0.879643,0.475374,0.00121546,0.869577,0.493796,0.00142968,0.875158,0.483835,0.0269127,0.879188,0.475715,0.0218977,0.871557,0.489805,0.0108236,0.876776,0.480777,0.0112461,0.886005,0.463539,0.0403224,0.838882,0.542818,0.039408,0.83428,0.54993,0.0531705,0.815202,0.576731,0.0655337,0.808649,0.58463,-0.00225683,0.853272,0.521461,-0.02477,0.859481,0.510568,0.0382172,0.850165,0.525128,0.0259421,0.847475,0.530201,0.0107078,0.867022,0.498155,-0.0237991,0.845935,0.532754,0.0431961,0.829371,0.557026,-0.00357753,0.855699,0.517462,-0.0500796,0.874519,0.482399,-0.0609372,0.80681,0.587661,-0.051718,0.81057,0.583354,-0.0411662,0.739949,0.671402,-0.029791,0.713624,0.699895,-0.0183711,0.812504,0.582667,0.0161703,0.796633,0.604248,0.0101378,0.809084,0.587606,-0.031129,0.816816,0.576058,0.0588346,0.799346,0.597984,0.0472922,0.804978,0.591417,0.0547128,0.828133,0.557855,0.0585638,0.820411,0.568767,0.0486029,0.820727,0.56925,0.0722435,0.804221,0.589923,0.0762617,0.814894,0.574571,0.0730666,0.817477,0.571307,0.0444403,0.847125,0.529532,0.0490415,0.857606,0.511963,0.00693893,0.871644,0.490091,0.0165695,0.848722,0.528579,0.0399408,0.838245,0.543829,0.02058,0.841047,0.54057,-0.00945577,0.846171,0.532827,-0.0676924,0.891111,0.448708,-0.0477614,0.855315,0.515902,0.0249617,0.884271,0.466307,0.00660365,0.89162,0.452736,0.0727627,0.822585,0.563968,0.0433145,0.850945,0.523466,0.0747694,0.821131,0.565821,0.0505286,0.85946,0.508699,0.0111957,0.890585,0.454679,0.0202286,0.893071,0.449461,0.0741909,0.823244,0.562819,0.0498021,0.846944,0.529344,0.0756941,0.821886,0.564601,0.0514941,0.859918,0.507827]},"color":{"type":"uint8","components":4,"data":[255,255,255,255,255,255,255,255,255,255,255,255,255,255,255,255,255,255,255,255,255,255,255,255,255,255,255,255,255,255,255,255,255,255,255,255,255,255,255,255,255,255,255,255,255,255,255,255,255,255,255,255,255,255,255,255,255,255,255,255,255,255,255,255,255,255,255,255,255,255,255,255,255,255,255,255,255,255,255,255,255,255,255,255,255,255,255,255,255,255,255,255,255,255,255,255,255,255,255,255,255,255,255,255,255,255,255,255,255,255,255,255,255,255,255,255,255,255,255,255,255,255,255,255,255,255,255,255,255,255,255,255,255,255,255,255,255,255,255,255,255,255,255,255,255,255,255,255,255,255,255,255,255,255,255,255,255,255,255,255,255,255,255,255,255,255,255,255,255,255,255,255,255,255,255,255,255,255,255,255,255,255,255,255,255,255,255,255,255,255,255,255,255,255,255,255,255,255,255,255,255,255,255,255,255,255,255,255,255,255,255,255,255,255,255,255,255,255,255,255,255,255,255,255,255,255,255,255,255,255,255,255,255,255,255,255,255,255,255,255]},"texCoord0":{"type":"float32","components":2,"data":[0.192813,0.303402,0.149698,0.302055,0.158405,0.284799,0.203004,0.280996,0.250095,0.305039,0.255602,0.279557,0.398829,0.308562,0.364754,0.308038,0.370999,0.281497,0.407697,0.284497,0.380274,0.243052,0.319968,0.240518,0.325872,0.209188,0.387256,0.213696,0.192087,0.304508,0.149204,0.303174,0.364257,0.309175,0.306674,0.307719,0.307384,0.306608,0.11188,0.302373,0.0603182,0.301438,0.0608174,0.300327,0.112377,0.301255,0.051275,0.295744,0.0526996,0.295044,0.0499581,0.295002,0.0514982,0.294229,0.12131,0.261625,0.176672,0.237838,0.176849,0.239003,0.12102,0.262786,0.232146,0.219057,0.231844,0.220208,0.268347,0.210271,0.268443,0.211484,0.32587,0.207979,0.387715,0.212568,0.429786,0.219808,0.429294,0.220941,0.421549,0.249016,0.398462,0.309737,0.312618,0.279568,0.249375,0.306147,0.263667,0.24215,0.218922,0.247072,0.167763,0.260967,0.117451,0.290535,0.11703,0.277024,0.429151,0.309009,0.439931,0.287257,0.468191,0.231126,0.456512,0.254378,0.468809,0.230012,0.428768,0.310206,0.441265,0.287372,0.430507,0.30904,0.469416,0.231423,0.457796,0.254579,0.469983,0.230323,0.430005,0.310192]}}],"meshes":[{"aabb":{"min":[12.3035,0.974119,-52.7725],"max":[149.472,29.6603,1.17549e-38]},"vertices":0,"indices":[0,1,2,2,3,0,4,0,3,3,5,4,6,7,8,8,9,6,10,11,12,12,13,10,14,15,1,1,0,14,16,17,18,18,7,16,19,20,21,21,22,19,20,23,24,24,21,20,25,26,24,24,23,25,27,28,29,29,30,27,28,31,32,32,29,28,31,33,34,34,32,31,12,35,36,36,13,12,34,33,35,35,12,34,36,37,38,38,13,36,24,26,27,27,30,24,13,38,39,39,10,13,7,6,40,40,16,7,7,18,41,41,8,7,4,18,17,17,42,4,34,12,11,11,43,34,44,45,29,29,32,44,46,2,1,1,22,46,22,1,15,15,19,22,30,29,45,45,47,30,18,4,5,5,41,18,0,4,42,42,14,0,32,34,43,43,44,32,47,21,24,24,30,47,8,41,11,11,10,8,9,8,10,10,39,9,41,5,43,43,11,41,3,2,45,45,44,3,2,46,47,47,45,2,5,3,44,44,43,5,21,47,46,46,22,21,48,6,9,9,49,48,38,50,51,51,39,38,50,38,37,37,52,50,6,48,53,53,40,6,39,51,49,49,9,39,54,55,48,48,49,54,56,57,51,51,50,56,58,56,50,50,52,58,55,59,53,53,48,55,57,54,49,49,51,57],"type":"triangles","base":0,"count":276}],"meshInstances":[{"node":1,"mesh":0}]}}