{"model":{"version":2,"nodes":[{"name":"RootNode","position":[0,0,0],"rotation":[0,0,0],"scale":[1,1,1]},{"name":"Plane001","position":[0,0,0],"rotation":[-90,-0,0],"scale":[0.01,0.01,0.01]}],"parents":[-1,0],"skins":[],"vertices":[{"position":{"type":"float32","components":3,"data":[-244.686,-272.898,0,-186.745,-315.39,0,-7.62939e-06,-9.53674e-06,0,-121.627,-345.762,0,-51.8353,-362.847,0,19.9486,-365.987,0,90.9659,-355.063,0,158.487,-330.494,0,219.918,-293.224,0,272.898,-244.686,0,315.39,-186.745,0,345.762,-121.627,0,362.847,-51.8353,0,365.987,19.9485,0,355.063,90.9658,0,330.494,158.487,0,293.224,219.918,0,244.686,272.898,0,186.745,315.39,0,121.627,345.762,0,51.8353,362.847,0,-19.9486,365.987,0,-90.9659,355.063,0,-158.487,330.494,0,-219.918,293.224,0,-272.898,244.686,0,-315.39,186.745,0,-345.762,121.627,0,-362.847,51.8353,0,-365.987,-19.9486,0,-355.063,-90.9659,0,-330.494,-158.487,0,-293.224,-219.918,0]},"normal":{"type":"float32","components":3,"data":[0,0,1,0,0,1,0,0,1,0,0,1,0,0,1,0,0,1,0,0,1,0,0,1,0,0,1,0,0,1,0,0,1,0,0,1,0,0,1,0,0,1,0,0,1,0,0,1,0,0,1,0,0,1,0,0,1,0,0,1,0,0,1,0,0,1,0,0,1,0,0,1,0,0,1,0,0,1,0,0,1,0,0,1,0,0,1,0,0,1,0,0,1,0,0,1,0,0,1]},"texCoord0":{"type":"float32","components":2,"data":[0.195258,0.160122,0.26742,0.1072,0.5,0.5,0.34852,0.0693736,0.435442,0.0480958,0.524845,0.0441843,0.613293,0.0577897,0.697387,0.0883889,0.773895,0.134806,0.839878,0.195258,0.8928,0.26742,0.930626,0.348521,0.951904,0.435442,0.955816,0.524845,0.94221,0.613293,0.911611,0.697387,0.865194,0.773895,0.804742,0.839878,0.73258,0.8928,0.65148,0.930626,0.564558,0.951904,0.475155,0.955816,0.386707,0.94221,0.302613,0.911611,0.226105,0.865194,0.160122,0.804742,0.1072,0.73258,0.0693736,0.65148,0.0480958,0.564558,0.0441844,0.475155,0.0577897,0.386707,0.0883889,0.302613,0.134806,0.226105]}}],"meshes":[{"aabb":{"min":[-365.987,-365.987,0],"max":[365.987,365.987,1.17549e-38]},"vertices":0,"indices":[0,1,2,1,3,2,3,4,2,4,5,2,5,6,2,6,7,2,7,8,2,8,9,2,9,10,2,10,11,2,11,12,2,12,13,2,13,14,2,14,15,2,15,16,2,16,17,2,17,18,2,18,19,2,19,20,2,20,21,2,21,22,2,22,23,2,23,24,2,24,25,2,25,26,2,26,27,2,27,28,2,28,29,2,29,30,2,30,31,2,31,32,2,32,0,2],"type":"triangles","base":0,"count":96}],"meshInstances":[{"node":1,"mesh":0}]}}