{"model":{"version":2,"nodes":[{"name":"RootNode","position":[0,0,0],"rotation":[0,0,0],"scale":[1,1,1]},{"name":"Object011","position":[1.14441e-07,0.563013,0.43082],"rotation":[-90,-0,0],"scale":[0.01,0.01,0.01]}],"parents":[-1,0],"skins":[],"vertices":[{"position":{"type":"float32","components":3,"data":[-6.43965,-12.5596,8.39676,-5.89259,-11.3223,6.81229,-6.01664,-11.3122,6.80922,-6.56371,-12.5496,8.39379,-4.5996,-12.7075,8.44092,-4.60633,-12.7684,8.51735,-3.04101,-12.8942,8.55491,-3.03428,-12.8333,8.47848,-1.31816,-13.0327,8.59625,-1.31143,-12.9718,8.51982,-4.60794,-12.7947,8.4962,-6.46588,-12.6189,8.47273,-6.46749,-12.6453,8.45158,-6.59155,-12.6353,8.44861,-6.58994,-12.6089,8.46975,-6.56532,-12.576,8.37264,-3.04262,-12.9206,8.53376,-1.31977,-13.059,8.57511,-4.62201,-13.0249,8.3116,-6.48156,-12.8755,8.26698,-6.60562,-12.8655,8.264,-6.57939,-12.8062,8.18803,-3.05669,-13.1507,8.34916,-1.33384,-13.2892,8.3905,-5.99477,-11.279,6.75616,-5.99638,-11.3053,6.73502,-6.01825,-11.3386,6.78808,-6.01045,-11.5355,6.55041,-6.03232,-11.5688,6.60347,-5.87071,-11.2889,6.75914,-4.45088,-11.4031,6.79322,-4.45936,-11.4383,6.84773,-2.89404,-11.5641,6.88529,-2.88556,-11.5289,6.83078,-1.17118,-11.7026,6.92663,-1.16702,-11.667,6.87202,-5.88736,-11.3103,6.73285,-5.9,-11.5171,6.56699,-5.91643,-11.331,6.70568,-5.79242,-11.3425,6.70555,-2.8885,-11.592,6.74179,-4.45382,-11.4662,6.70423,-1.16995,-11.7302,6.78303,3.8168,-13.384,8.64287,3.94086,-13.3939,8.64585,3.67447,-12.0911,7.04177,3.5504,-12.0813,7.03888,1.97675,-13.2361,8.59872,0.411426,-13.1103,8.56116,0.404698,-13.1711,8.6376,1.97002,-13.297,8.67516,1.96841,-13.3233,8.65401,3.82796,-13.4728,8.69863,3.82957,-13.4464,8.71978,3.95202,-13.4828,8.70161,3.93925,-13.4203,8.6247,3.95363,-13.4564,8.72275,0.403086,-13.1975,8.61645,1.95434,-13.5535,8.4694,3.81389,-13.703,8.51402,3.93795,-13.7129,8.517,3.92517,-13.6505,8.4401,0.389015,-13.4277,8.43184,3.67286,-12.1175,7.02062,3.65913,-12.0814,6.96671,3.66074,-12.055,6.98786,3.65878,-12.3477,6.83601,3.64506,-12.3116,6.7821,3.53668,-12.0451,6.98488,2.11685,-11.931,6.95082,0.551526,-11.8051,6.91326,0.551668,-11.8411,6.96797,2.11699,-11.9669,7.00553,3.55094,-12.0689,6.95933,3.5383,-12.2757,6.79347,3.5776,-12.0941,6.93349,3.45349,-12.0856,6.92741,0.548587,-11.8683,6.82426,2.11391,-11.9941,6.86182]},"normal":{"type":"float32","components":3,"data":[0.0476306,0.779214,0.624945,0.050942,0.808502,0.586284,-0.633416,0.723496,0.274477,-0.647781,0.692633,0.317238,0.0476343,0.779215,0.624944,-0.0148864,0.111438,0.99366,-0.0148864,0.111438,0.99366,0.0476344,0.779215,0.624944,-0.014887,0.111436,0.99366,0.0476338,0.779213,0.624947,-0.068687,-0.621619,0.780303,-0.0148901,0.111436,0.99366,-0.0686874,-0.621616,0.780304,-0.814114,-0.332212,0.476291,-0.643176,0.168861,0.746867,-0.963738,0.200318,-0.1763,-0.0686871,-0.621617,0.780304,-0.0686869,-0.621616,0.780305,-0.068687,-0.621618,0.780303,-0.0686883,-0.621617,0.780304,-0.814119,-0.332218,0.476278,-0.963738,0.200313,-0.176307,-0.0686872,-0.621616,0.780304,-0.0686869,-0.621617,0.780304,-0.434844,0.887221,-0.154107,-0.595861,0.510941,-0.619588,-0.952964,0.222937,-0.205327,-0.60644,0.519707,-0.601777,-0.952632,0.223583,-0.206165,0.0795639,0.994623,-0.0662854,0.0792101,0.99667,-0.0193429,0.0508506,0.807922,0.587092,0.0508502,0.807925,0.587087,0.0805468,0.996578,-0.0185795,0.05085,0.807924,0.587089,0.0805466,0.996578,-0.0185779,-0.00123422,0.378609,-0.925556,0.0127944,0.625126,-0.780419,0.120457,0.648823,-0.751344,0.0748202,0.759528,-0.646158,0.0791303,0.811766,-0.578597,0.0768366,0.811949,-0.57865,0.0791302,0.811766,-0.578597,0.0476337,0.779214,0.624945,0.734179,0.581553,0.350395,0.726978,0.614151,0.307117,0.0508888,0.808508,0.586281,0.0476341,0.779215,0.624944,0.047634,0.779215,0.624944,-0.0148869,0.111438,0.99366,-0.0148857,0.111449,0.993659,-0.0686864,-0.62161,0.78031,-0.0686872,-0.621624,0.780299,-0.0148856,0.111427,0.993661,0.727006,-0.456088,0.513269,0.990649,0.0432253,-0.12941,0.625555,0.0668818,0.777308,-0.0686871,-0.621618,0.780303,-0.0686868,-0.621619,0.780303,-0.0686891,-0.621618,0.780303,0.727011,-0.456088,0.513262,0.990649,0.0432287,-0.129408,-0.0686871,-0.621618,0.780303,0.985019,0.0671615,-0.158827,0.698626,0.406893,-0.588524,0.577732,0.805839,-0.129809,0.984834,0.0678603,-0.159677,0.709601,0.413931,-0.5702,0.0834746,0.994309,-0.0661875,0.0819155,0.996453,-0.0192785,0.0805467,0.996578,-0.0185779,0.0508501,0.807924,0.587088,0.0508492,0.807924,0.587088,0.105761,0.369976,-0.923002,0.124367,0.616159,-0.777741,0.0205947,0.656851,-0.753739,0.0782603,0.759259,-0.646066,0.0791304,0.811766,-0.578596,0.0814235,0.811584,-0.578534]},"color":{"type":"uint8","components":4,"data":[255,255,255,255,255,255,255,255,255,255,255,255,255,255,255,255,255,255,255,255,255,255,255,255,255,255,255,255,255,255,255,255,255,255,255,255,255,255,255,255,255,255,255,255,255,255,255,255,255,255,255,255,255,255,255,255,255,255,255,255,255,255,255,255,255,255,255,255,255,255,255,255,255,255,255,255,255,255,255,255,255,255,255,255,255,255,255,255,255,255,255,255,255,255,255,255,255,255,255,255,255,255,255,255,255,255,255,255,255,255,255,255,255,255,255,255,255,255,255,255,255,255,255,255,255,255,255,255,255,255,255,255,255,255,255,255,255,255,255,255,255,255,255,255,255,255,255,255,255,255,255,255,255,255,255,255,255,255,255,255,255,255,255,255,255,255,255,255,255,255,255,255,255,255,255,255,255,255,255,255,255,255,255,255,255,255,255,255,255,255,255,255,255,255,255,255,255,255,255,255,255,255,255,255,255,255,255,255,255,255,255,255,255,255,255,255,255,255,255,255,255,255,255,255,255,255,255,255,255,255,255,255,255,255,255,255,255,255,255,255,255,255,255,255,255,255,255,255,255,255,255,255,255,255,255,255,255,255,255,255,255,255,255,255,255,255,255,255,255,255,255,255,255,255,255,255,255,255,255,255,255,255,255,255,255,255,255,255,255,255,255,255,255,255,255,255,255,255,255,255,255,255,255,255,255,255,255,255,255,255,255,255,255,255,255,255]},"texCoord0":{"type":"float32","components":2,"data":[0.977336,1.03934,0.997124,1.01418,0.997005,1.0216,0.977234,1.04454,0.977048,0.926398,0.976049,0.926834,0.975823,0.828012,0.97681,0.827941,0.975682,0.71896,0.976662,0.71892,0.975681,0.927174,0.976731,1.0411,0.976644,1.04188,0.976816,1.04489,0.976844,1.04457,0.977129,1.04514,0.975476,0.82804,0.975343,0.718973,0.97272,0.92809,0.974302,1.04691,0.975445,1.0557,0.976858,1.06065,0.972511,0.828243,0.972389,0.719092,0.997535,1.02104,0.997705,1.02223,0.99707,1.02342,0.998289,1.04149,0.997558,1.04187,0.997772,1.01379,0.997798,0.925006,0.997148,0.925282,0.997114,0.826932,0.997764,0.826639,0.997023,0.717983,0.997675,0.71795,0.998838,1.02014,0.999394,1.03802,0.9984,1.01762,0.998558,1.00897,0.998852,0.826617,0.998881,0.924989,0.998767,0.7179,0.976483,0.399556,0.976358,0.394595,0.996168,0.41386,0.996315,0.421536,0.976575,0.511918,0.976581,0.610027,0.975596,0.610043,0.975581,0.511601,0.975216,0.511307,0.975801,0.397318,0.975887,0.398003,0.975953,0.394378,0.976257,0.394148,0.975981,0.394664,0.97525,0.610043,0.972269,0.510721,0.973466,0.392733,0.974564,0.384008,0.975929,0.379035,0.972293,0.610102,0.996236,0.411851,0.996888,0.413072,0.996715,0.414348,0.996648,0.392924,0.997403,0.393201,0.996981,0.4218,0.997293,0.510784,0.997518,0.609239,0.996866,0.60901,0.996641,0.51058,0.998059,0.41507,0.998554,0.396567,0.997614,0.417769,0.997793,0.426564,0.998606,0.609157,0.998377,0.510675]}}],"meshes":[{"aabb":{"min":[-6.60562,-13.7129,6.55041],"max":[3.95363,1.17549e-38,8.72275]},"vertices":0,