{"model":{"version":2,"nodes":[{"name":"RootNode","position":[0,0,0],"rotation":[0,0,0],"scale":[1,1,1]},{"name":"Object001","position":[1.14441e-07,0.563013,0.43082],"rotation":[-90,-0,0],"scale":[0.01,0.01,0.01]}],"parents":[-1,0],"skins":[],"vertices":[{"position":{"type":"float32","components":3,"data":[-8.01707,-17.2264,34.9624,-8.96814,-17.3141,35.723,-8.04498,-17.4747,35.856,-9.30306,-17.057,34.9693,-7.84273,-15.6759,29.3815,-9.42215,-15.4677,29.39,-7.8004,-15.2994,28.0263,-9.45107,-15.0818,28.0352,-9.44357,-15.182,28.3869,-7.81139,-15.3971,28.3781,-0.136705,-18.2651,34.92,0.037625,-16.7145,29.3391,-0.164619,-18.5134,35.8136,0.0689677,-16.4358,28.3357,0.0799583,-16.338,27.9839,7.74366,-19.3037,34.8776,7.71574,-19.552,35.7712,8.64752,-19.6359,35.6282,9.02965,-19.4732,34.8706,9.4974,-17.9614,29.2882,7.91799,-17.7532,29.2967,7.96032,-17.3767,27.9415,7.94933,-17.4744,28.2933,9.5815,-17.6895,28.2845,9.61099,-17.5942,27.9326]},"normal":{"type":"float32","components":3,"data":[0.127271,0.954637,0.269204,0.127271,0.954637,0.269205,0.12727,0.954637,0.269203,0.127272,0.954636,0.269205,0.127271,0.954637,0.269205,0.127271,0.954637,0.269204,0.127271,0.954637,0.269204,0.127271,0.954637,0.269205,0.127271,0.954637,0.269204,0.127271,0.954637,0.269204,0.127271,0.954637,0.269204,0.127271,0.954637,0.269204,0.127271,0.954637,0.269204,0.127271,0.954637,0.269204,0.127271,0.954636,0.269205,0.127271,0.954636,0.269205,0.12727,0.954636,0.269206,0.127271,0.954637,0.269204,0.127271,0.954637,0.269204,0.127271,0.954637,0.269205,0.127271,0.954637,0.269205,0.127271,0.954636,0.269206,0.127271,0.954636,0.269206,0.127271,0.954637,0.269205,0.127272,0.954637,0.269204]},"color":{"type":"uint8","components":4,"data":[255,255,255,255,255,255,255,255,255,255,255,255,255,255,255,255,255,255,255,255,255,255,255,255,255,255,255,255,255,255,255,255,255,255,255,255,255,255,255,255,255,255,255,255,255,255,255,255,255,255,255,255,255,255,255,255,255,255,255,255,255,255,255,255,255,255,255,255,255,255,255,255,255,255,255,255,255,255,255,255,255,255,255,255,255,255,255,255,255,255,255,255,255,255,255,255,255,255,255,255]},"texCoord0":{"type":"float32","components":2,"data":[0.369027,0.884391,0.388774,0.980529,0.369145,0.997866,0.39627,0.884653,0.368298,0.175675,0.401757,0.175999,0.368123,0.00357359,0.403089,0.00391915,0.402744,0.0485826,0.368167,0.0482572,0.202091,0.882769,0.20136,0.174065,0.202208,0.996246,0.201229,0.0466467,0.201184,0.00196281,0.0351565,0.881154,0.0352738,0.994629,0.0156084,0.976923,0.0079138,0.880886,0.000968783,0.17213,0.0344246,0.172454,0.0342478,0.000362033,0.0342946,0.0450356,-0.000281896,0.0447102,-0.000718402,3.68855e-05]}}],"meshes":[{"aabb":{"min":[-9.45107,-19.6359,27.9326],"max":[9.61099,1.17549e-38,35.856]},"vertices":0,"indices":[0,1,2,3,0,4,4,5,3,0,3,1,6,7,8,8,9,6,9,8,5,5,4,9,4,0,10,10,11,4,0,2,12,12,10,0,6,9,13,13,14,6,9,4,11,11,13,9,15,16,17,18,19,20,20,15,18,15,17,18,21,22,23,23,24,21,22,20,19,19,23,22,20,11,10,10,15,20,15,10,12,12,16,15,21,14,13,13,22,21,22,13,11,11,20,22],"type":"triangles","base":0,"count":96}],"meshInstances":[{"node":1,"mesh":0}]}}