{"model":{"version":2,"nodes":[{"name":"RootNode","position":[0,0,0],"rotation":[0,0,0],"scale":[1,1,1]},{"name":"Object001","position":[0,0,0],"rotation":[-90,-0,0],"scale":[0.01,0.01,0.01]}],"parents":[-1,0],"skins":[],"vertices":[{"position":{"type":"float32","components":3,"data":[-12.489,-0.375585,-0.483581,-13.0416,-0.268451,-0.63136,-12.8309,-0.496913,-0.0917943,-12.3854,-0.585243,0.055661,-12.6393,-0.733217,0.437554,-12.2959,-0.803283,0.583109,-12.949,-0.217105,-1.76417,-13.6449,-0.0982624,-1.83395,-13.658,-0.10374,-1.5292,-12.962,-0.22495,-1.44054,-12.2644,-0.345972,-1.69515,-12.2772,-0.35518,-1.36329,-12.2451,-0.338434,-2.04978,-12.9182,-0.212421,-2.11054,-13.5991,-0.0980739,-2.1627,-10.4902,-1.27666,1.01989,-9.75599,-1.49151,1.1241,-9.76076,-1.2504,0.623688,-10.5369,-1.02635,0.497179,-9.0251,-1.70529,1.22763,-8.98836,-1.47352,0.749205,-8.94752,-1.25062,0.257608,-9.76338,-1.01891,0.110106,-10.5834,-0.786416,-0.0386236,-11.8596,-0.540443,-3.81313,-11.9696,-0.462567,-3.36879,-11.4964,-0.546671,-3.4293,-11.393,-0.625217,-3.89544,-12.0965,-0.389674,-2.91749,-11.6101,-0.474501,-2.95496,-11.2624,-0.534581,-2.98085,-11.1155,-0.613256,-3.47287,-10.973,-0.699489,-3.95573,-11.7877,-0.920337,0.741817,-11.8461,-0.700064,0.21003,-11.3178,-1.03419,0.870466,-11.3797,-0.80348,0.334258,-11.4442,-0.583333,-0.214578,-11.9126,-0.489433,-0.333924,-12.4488,-0.37515,-3.29526,-12.7043,-0.283242,-2.86946,-12.2148,-0.471093,-3.71642,12.4886,-0.374369,-0.477274,12.3848,-0.584037,0.061919,12.8303,-0.495664,-0.0853117,13.0412,-0.267182,-0.624774,12.295,-0.802085,0.589324,12.6385,-0.731987,0.443942,12.9133,-0.210367,-2.16336,12.2386,-0.334544,-2.17043,12.2646,-0.344778,-1.68896,12.9492,-0.215842,-1.75761,12.9654,-0.22575,-1.3488,12.283,-0.35819,-1.20555,13.6592,-0.102934,-1.49407,13.6451,-0.0969403,-1.82701,13.5995,-0.0967467,-2.15583,11.8609,-0.53929,-3.80714,11.3943,-0.624109,-3.88968,11.4975,-0.545553,-3.42349,11.9706,-0.461403,-3.36274,10.9744,-0.698421,-3.95019,11.1167,-0.612174,-3.46725,11.2633,-0.533485,-2.97516,11.6109,-0.473372,-2.94909,12.0973,-0.388497,-2.91137,11.8454,-0.69891,0.216017,11.7867,-0.919188,0.747776,11.9122,-0.488274,-0.327904,11.4437,-0.582219,-0.208794,11.3789,-0.802372,0.34001,11.3168,-1.03309,0.876186,12.216,-0.469904,-3.71025,12.4498,-0.373939,-3.28897,12.7051,-0.282006,-2.86304,0.00103302,0.651462,-5.54432,0.00111858,0.652164,-5.89136,-1.04474,0.652333,-5.89712,-1.06653,0.651708,-5.55177,1.04698,0.652435,-5.89659,1.03271,0.652312,-6.42526,0.00125178,0.652132,-6.42722,-1.03021,0.652211,-6.42578,-3.64474,0.063269,1.86967,-3.57596,0.235726,0.973921,-4.68315,0.244403,0.881752,-4.8489,0.0618807,1.83361,-3.31725,0.35835,0.0170072,-4.49907,0.382391,-0.141277,-5.471,0.380018,-0.153429,-5.68428,0.240502,0.871331,-5.86802,0.0573683,1.82196,5.47624,0.380536,-0.150724,4.52204,0.382768,-0.139249,4.69698,0.244818,0.883955,5.68684,0.241046,0.874162,3.36048,0.358558,0.0182159,3.59851,0.236008,0.975483,3.64904,0.0636078,1.87145,4.851,0.0623436,1.83602,5.8673,0.057937,1.82491,1.06859,0.651812,-5.55123,-9.74111,-0.912927,-4.11777,-9.86193,-0.826662,-3.56823,-9.44888,-0.899635,-3.59266,-9.34741,-0.981406,-4.16736,-9.98538,-0.748638,-3.00859,-9.55304,-0.826172,-3.00759,-9.12294,-0.903229,-3.00635,-9.03798,-0.972176,-3.61679,-8.95582,-1.0495,-4.21669]},"normal":{"type":"float32","components":3,"data":[0.0836068,0.932177,0.352217,0.0836421,0.928934,0.360674,0.0694524,0.928387,0.365068,0.0741129,0.928369,0.364194,0.0377562,0.923071,0.382771,0.0734323,0.92521,0.372283,0.173936,0.984314,0.0295294,0.165091,0.985966,0.0248193,0.166346,0.985714,0.0263835,0.175329,0.98401,0.0313603,0.182317,0.982713,0.0321851,0.18299,0.982515,0.0343208,0.181756,0.982873,0.0304088,0.173234,0.98448,0.0280877,0.163828,0.986211,0.0234113,0.193537,0.888887,0.41524,0.193237,0.88305,0.427647,0.189803,0.890439,0.413635,0.189119,0.896844,0.39988,0.194195,0.876891,0.439718,0.190165,0.883918,0.427231,0.186108,0.891562,0.412893,0.186648,0.897469,0.39964,0.185545,0.902728,0.388142,0.15557,0.978937,-0.132212,0.158988,0.979581,-0.123062,0.158005,0.980029,-0.120737,0.155148,0.979293,-0.130052,0.162118,0.980263,-0.113145,0.16122,0.980622,-0.111301,0.16035,0.980897,-0.110127,0.156832,0.980013,-0.122384,0.154661,0.979474,-0.129268,0.106912,0.920915,0.374813,0.100501,0.927047,0.361226,0.117906,0.917038,0.380972,0.110733,0.922713,0.369241,0.103112,0.929835,0.353235,0.0971762,0.932592,0.347603,0.160888,0.979694,-0.119645,0.162601,0.980088,-0.113967,0.15622,0.978565,-0.134189,-0.0838757,0.932169,0.352173,-0.0743862,0.928363,0.364155,-0.0697275,0.92838,0.365032,-0.0839163,0.928926,0.360631,-0.0737089,0.925203,0.372244,-0.0380373,0.923068,0.382751,-0.173948,0.984346,0.0283598,-0.181238,0.98296,0.0306888,-0.182298,0.98273,0.0317621,-0.173671,0.984355,0.0297104,-0.175384,0.98402,0.0307336,-0.183481,0.982427,0.0342407,-0.16921,0.985266,0.024889,-0.166087,0.985773,0.0258124,-0.16356,0.986259,0.0232775,-0.155602,0.978922,-0.132286,-0.155185,0.979277,-0.130127,-0.158046,0.980013,-0.120811,-0.159023,0.979566,-0.123135,-0.154699,0.979458,-0.129344,-0.156871,0.979997,-0.12246,-0.160393,0.980882,-0.110202,-0.161264,0.980607,-0.111374,-0.16216,0.980248,-0.113217,-0.100774,0.927037,0.361173,-0.107191,0.920906,0.374757,-0.0974422,0.932583,0.347553,-0.103382,0.929825,0.353181,-0.111011,0.922703,0.369183,-0.118189,0.917027,0.38091,-0.156244,0.97855,-0.134266,-0.160926,0.979678,-0.11972,-0.162645,0.980072,-0.114041,-4.92668e-05,0.999998,0.00198203,-6.37638e-05,1,0.000972091,0.000184088,1,0.000843887,0.000217741,0.999998,0.00182267,-0.000252714,1,0.000868013,-0.00017385,1,-0.000228916,-7.85776e-05,1,-8.56183e-05,0.000136872,1,-0.000176695,-0.00741908,0.982165,0.187877,-0.00372128,0.987441,0.157946,-0.00529173,0.987131,0.159829,-0.00640698,0.982255,0.187439,0.00304283,0.991781,0.127915,-0.00209413,0.991282,0.13174,-0.00464717,0.991055,0.133372,-0.0057549,0.986443,0.164002,-0.00649724,0.982157,0.187952,0.00448329,0.991056,0.133373,0.00189844,0.991286,0.131717,0.00511716,0.98713,0.159837,0.0055841,0.98645,0.163968,-0.00334601,0.991794,0.127803,0.00358371,0.987383,0.158311,0.00724245,0.982158,0.187917,0.00622592,0.982254,0.187453,0.00631277,0.982156,0.18796,-0.000316032,0.999998,0.00182314,0.160176,0.980488,-0.113956,0.169007,0.980105,-0.104067,0.166972,0.980674,-0.101972,0.15914,0.981232,-0.108892,0.175896,0.979542,-0.0977681,0.174121,0.980212,-0.0941608,0.172952,0.980797,-0.0901373,0.165379,0.981225,-0.0992342,0.157517,0.981919,-0.10499]},"texCoord0":{"type":"float32","components":2,