{"model":{"version":2,"nodes":[{"name":"RootNode","position":[0,0,0],"rotation":[0,0,0],"scale":[1,1,1]},{"name":"Object005","position":[-0.827217,0.845709,0.853373],"rotation":[-90,-0,0],"scale":[0.01,0.01,0.01]}],"parents":[-1,0],"skins":[],"vertices":[{"position":{"type":"float32","components":3,"data":[12.4703,57.7736,-2.70328,12.8072,58.9124,-4.27814,12.7802,59.7012,-3.84507,12.7802,59.7012,-3.84506,12.3916,58.563,-2.35854,13.0865,47.3003,-2.2815,13.7966,47.2985,-3.01048,13.8212,48.5237,-2.92346,13.1073,48.5417,-2.19327,11.8604,49.9785,-0.961113,11.8508,49.1848,-1.03094,12.5043,49.1524,-1.57071,12.5057,49.9654,-1.49752,13.7685,48.2087,-26.1029,12.6466,48.0875,-25.6723,12.7458,46.8101,-25.7897,13.8913,46.9337,-26.2261,11.0228,47.9135,-25.1057,11.1002,46.6336,-25.2075,12.251,46.7569,-25.6093,12.1516,48.0343,-25.4924,13.1262,42.6825,-26.6269,13.5024,42.9444,-26.6622,13.073,42.9109,-26.6086,13.0931,42.6802,-26.6227,12.6574,43.6786,-26.3205,12.4738,43.9653,-26.1716,12.4699,43.5704,-26.3013,12.6567,43.5851,-26.3513,12.2989,43.6509,-26.1851,12.2974,43.5506,-26.2177,12.7556,42.0565,-26.5448,12.7437,42.1489,-26.549,12.5572,42.1314,-26.5002,12.6073,41.7421,-26.4824,12.3827,42.1153,-26.4162,12.3935,42.0304,-26.4123,11.8931,43.0147,-26.1111,11.5947,42.7393,-25.959,11.9416,42.7888,-26.1881,11.9376,43.0189,-26.1409,11.869,42.5648,-26.1406,11.9611,42.5782,-26.2014,13.1214,43.1188,-26.5715,13.0696,43.1156,-26.5649,13.0703,39.8909,-26.7503,12.2297,39.8119,-26.438,12.3089,38.7367,-26.6,13.1166,38.8121,-26.9004]},"normal":{"type":"float32","components":3,"data":[0.974553,-0.0247303,0.222787,0.984023,-0.0586414,0.168106,0.98653,-0.0714598,0.147146,0.989139,-0.0903841,0.115905,0.969369,-0.0105111,0.245385,0.713961,-0.062819,0.697362,0.714756,-0.0637692,0.69646,0.713737,-0.0625507,0.697616,0.712949,-0.0616113,0.698504,0.634761,-0.072864,0.769266,0.632798,-0.075405,0.770636,0.634872,-0.0727188,0.769187,0.636808,-0.0702012,0.76782,0.361932,-0.0563019,0.930503,0.36313,-0.0572964,0.929975,0.361847,-0.0562321,0.93054,0.360663,-0.0552498,0.931058,0.33174,-0.0576735,0.941606,0.334353,-0.0545764,0.940866,0.331932,-0.0574458,0.941552,0.329281,-0.0605811,0.942287,0.127286,-0.0495912,0.990626,0.132521,-0.125966,0.983143,0.132573,-0.127184,0.982979,0.12712,-0.0496313,0.990645,0.268464,-0.302788,0.914465,0.359012,-0.294349,0.885703,0.357086,-0.29446,0.886444,0.268389,-0.302647,0.914534,0.444195,-0.283269,0.84997,0.444325,-0.283016,0.849987,0.246221,0.0757053,0.966252,0.2462,0.0756437,0.966263,0.337772,0.086205,0.937272,0.335265,0.0859345,0.938196,0.424236,0.0957047,0.90048,0.424246,0.0956862,0.900477,0.55971,-0.157225,0.813637,0.557121,-0.0777548,0.826783,0.557267,-0.0795708,0.826512,0.559665,-0.157244,0.813664,0.551384,-0.00153083,0.83425,0.551589,-0.00162616,0.834114,0.136911,-0.204883,0.969164,0.136877,-0.204877,0.96917,0.35549,-0.113696,0.927739,0.355343,-0.11359,0.927809,0.355537,-0.11373,0.927717,0.355688,-0.113839,0.927646]},"color":{"type":"uint8","components":4,"data":[255,255,255,255,255,255,255,255,255,255,255,255,255,255,255,255,255,255,255,255,255,255,255,255,255,255,255,255,255,255,255,255,255,255,255,255,255,255,255,255,255,255,255,255,255,255,255,255,255,255,255,255,255,255,255,255,255,255,255,255,255,255,255,255,255,255,255,255,255,255,255,255,255,255,255,255,255,255,255,255,255,255,255,255,255,255,255,255,255,255,255,255,255,255,255,255,255,255,255,255,255,255,255,255,255,255,255,255,255,255,255,255,255,255,255,255,255,255,255,255,255,255,255,255,255,255,255,255,255,255,255,255,255,255,255,255,255,255,255,255,255,255,255,255,255,255,255,255,255,255,255,255,255,255,255,255,255,255,255,255,255,255,255,255,255,255,255,255,255,255,255,255,255,255,255,255,255,255,255,255,255,255,255,255,255,255,255,255,255,255,255,255,255,255,255,255]},"texCoord0":{"type":"float32","components":2,"data":[0.101869,0.8509,-0.00579394,0.845946,0.0034053,0.945424,0.00340563,0.945424,0.106978,0.945176,0.277487,1.00589,0.276455,0.932052,0.245081,0.931906,0.245697,1.00575,0.276263,0.998518,0.296472,0.999624,0.2973,0.932942,0.276596,0.932783,0.245805,0.917375,0.206044,0.917375,0.206044,1.00417,0.245805,1.00417,0.156914,0.91695,0.156914,1.00433,0.204307,1.00433,0.204307,0.91695,0.391449,0.911682,0.432896,0.86236,0.387758,0.86236,0.387997,0.911589,0.399814,0.902135,0.434638,0.862625,0.388855,0.862625,0.388985,0.902135,0.400984,0.821727,0.389408,0.821727,0.399594,0.821727,0.389271,0.821727,0.388788,0.862625,0.432367,0.862625,0.388738,0.902135,0.398239,0.902135,0.394814,0.911627,0.432896,0.86236,0.38924,0.86236,0.389212,0.911422,0.401105,0.81843,0.389433,0.817983,0.393793,0.818319,0.388364,0.818165,0.441492,0.587501,0.360158,0.586314,0.360066,0.800338,0.441514,0.801525]}}],"meshes":[{"aabb":{"min":[11.0228,38.7367,-26.9004],"max":[13.8913,59.7012,1.17549e-38]},"vertices":0,"indices":[0,1,2,2,3,0,4,0,3,5,6,7,7,8,5,9,10,11,11,12,9,13,14,15,15,16,13,17,18,19,19,20,17,21,22,23,23,24,21,25,26,27,27,28,25,27,26,29,29,30,27,31,32,33,33,34,31,33,35,36,36,34,33,37,38,39,39,40,37,39,38,41,41,42,39,23,22,43,43,44,23,45,46,47,47,48,45],"type":"triangles","base":0,"count":87}],"meshInstances":[{"node":1,"mesh":0}]}}