{"model":{"version":2,"nodes":[{"name":"RootNode","position":[0,0,0],"rotation":[0,0,0],"scale":[1,1,1]},{"name":"Object005","position":[0.827217,0.845709,0.853373],"rotation":[31.2369,61.3538,118.025],"scale":[0.01,0.01,0.01]}],"parents":[-1,0],"skins":[],"vertices":[{"position":{"type":"float32","components":3,"data":[52.3668,-2.28405,-27.4427,53.6451,-2.46307,-29.2999,53.6451,-2.46307,-29.2999,52.7757,-2.24084,-29.3718,53.1878,-2.55654,-27.4456,43.4927,0.916527,-22.8323,44.6242,0.628079,-23.2634,44.4602,1.32399,-23.9927,43.3427,1.60483,-23.5668,46.1258,-0.936894,-22.6048,46.0326,-0.308586,-23.1534,45.2878,-0.107801,-22.8863,45.3975,-0.74882,-22.3417,34.3627,1.3513,-44.8596,33.2193,1.78719,-44.4616,33.0375,0.70843,-43.895,34.1859,0.294722,-44.3018,33.9072,-1.23477,-43.5463,34.1038,-0.171494,-44.0649,32.9557,0.24239,-43.6577,32.7583,-0.841649,-43.122,29.1465,2.10297,-43.0016,29.1388,2.07154,-42.9935,29.3427,1.99472,-43.0731,29.4462,2.40227,-43.1806,30.0448,1.40129,-43.0831,29.9495,1.4239,-43.0725,29.9157,1.24656,-43.0016,30.318,1.15212,-43.0463,29.8949,1.08442,-42.8996,29.997,1.06096,-42.9113,28.5484,1.89962,-42.6317,28.2655,1.8342,-42.4307,28.5883,1.68887,-42.6011,28.625,1.8652,-42.6721,28.5,1.55542,-42.4628,28.5704,1.52384,-42.5,29.3786,0.826048,-42.5408,29.3796,0.868067,-42.5741,29.1587,0.929177,-42.5231,29.134,0.60544,-42.2587,28.9726,1.00039,-42.4508,28.9659,0.914563,-42.3805,29.5401,1.94048,-43.117,29.5518,1.98992,-43.1298,26.6318,2.74288,-41.9633,25.632,3.05588,-41.662,25.511,2.29234,-41.2739,26.5053,1.94832,-41.5596]},"normal":{"type":"float32","components":3,"data":[0.292083,0.950109,0.109454,0.260885,0.961452,0.0868884,0.244927,0.966604,0.0754082,0.241325,0.967708,0.0728226,0.312967,0.941548,0.124654,0.400803,0.707163,0.582475,0.402118,0.705882,0.583122,0.401095,0.706879,0.582619,0.399766,0.70817,0.581964,0.404576,0.632946,0.660073,0.406762,0.634268,0.657457,0.404695,0.633019,0.659931,0.402484,0.631677,0.662563,0.42589,0.364566,0.828076,0.426763,0.363075,0.828281,0.425948,0.364467,0.828089,0.425064,0.365974,0.827879,0.422585,0.335663,0.841874,0.419767,0.334004,0.843941,0.422805,0.335793,0.841712,0.425578,0.337424,0.839659,0.404369,0.135618,0.904485,0.404305,0.135468,0.904536,0.334229,0.16003,0.928806,0.335355,0.159677,0.928461,0.181735,0.335308,0.924414,0.181874,0.335199,0.924426,0.197149,0.419079,0.886287,0.197365,0.420916,0.885368,0.211422,0.500736,0.839383,0.211158,0.500672,0.839488,0.530803,0.21967,0.818531,0.547966,0.303375,0.779549,0.548376,0.305737,0.778337,0.530747,0.219665,0.818569,0.560603,0.38714,0.732016,0.560615,0.387128,0.732013,0.332412,0.581225,0.742751,0.332396,0.581185,0.74279,0.405461,0.559554,0.722842,0.407136,0.558961,0.722359,0.475804,0.534676,0.698378,0.475899,0.534454,0.698483,0.261171,0.183513,0.947688,0.261171,0.183547,0.947681,0.3729,0.372595,0.849775,0.37278,0.372823,0.849728,0.372872,0.372648,0.849764,0.37299,0.372425,0.84981]},"color":{"type":"uint8","components":4,"data":[255,255,255,255,255,255,255,255,255,255,255,255,255,255,255,255,255,255,255,255,255,255,255,255,255,255,255,255,255,255,255,255,255,255,255,255,255,255,255,255,255,255,255,255,255,255,255,255,255,255,255,255,255,255,255,255,255,255,255,255,255,255,255,255,255,255,255,255,255,255,255,255,255,255,255,255,255,255,255,255,255,255,255,255,255,255,255,255,255,255,255,255,255,255,255,255,255,255,255,255,255,255,255,255,255,255,255,255,255,255,255,255,255,255,255,255,255,255,255,255,255,255,255,255,255,255,255,255,255,255,255,255,255,255,255,255,255,255,255,255,255,255,255,255,255,255,255,255,255,255,255,255,255,255,255,255,255,255,255,255,255,255,255,255,255,255,255,255,255,255,255,255,255,255,255,255,255,255,255,255,255,255,255,255,255,255,255,255,255,255,255,255,255,255,255,255]},"texCoord0":{"type":"float32","components":2,"data":[0.101869,0.8509,0.00340563,0.945424,0.0034053,0.945424,-0.00579394,0.845946,0.106978,0.945176,0.277487,1.00589,0.245697,1.00575,0.245081,0.931906,0.276455,0.932052,0.276263,0.998518,0.276596,0.932783,0.2973,0.932942,0.296472,0.999624,0.245805,0.917375,0.245805,1.00417,0.206044,1.00417,0.206044,0.917375,0.156914,0.91695,0.204307,0.91695,0.204307,1.00433,0.156914,1.00433,0.391449,0.911682,0.387997,0.911589,0.387758,0.86236,0.432896,0.86236,0.399814,0.902135,0.388985,0.902135,0.388855,0.862625,0.434638,0.862625,0.389408,0.821727,0.400984,0.821727,0.399594,0.821727,0.432367,0.862625,0.388788,0.862625,0.389271,0.821727,0.398239,0.902135,0.388738,0.902135,0.394814,0.911627,0.389212,0.911422,0.38924,0.86236,0.432896,0.86236,0.389433,0.817983,0.401105,0.81843,0.388364,0.818165,0.393793,0.818319,0.441492,0.587501,0.441514,0.801525,0.360066,0.800338,0.360158,0.586314]}}],"meshes":[{"aabb":{"min":[25.511,-2.55654,-44.8596],"max":[53.6451,3.05588,1.17549e-38]},"vertices":0,"indices":[0,1,2,2,3,0,0,4,1,5,6,7,7,8,5,9,10,11,11,12,9,13,14,15,15,16,13,17,18,19,19,20,17,21,22,23,23,24,21,25,26,27,27,28,25,27,29,30,30,28,27,31,32,33,33,34,31,33,32,35,35,36,33,37,38,39,39,40,37,39,41,42,42,40,39,23,43,44,44,24,23,45,46,47,47,48,45],"type":"triangles","base":0,"count":87}],"meshInstances":[{"node":1,"mesh":0}]}}