{"model":{"version":2,"nodes":[{"name":"RootNode","position":[0,0,0],"rotation":[0,0,0],"scale":[1,1,1]},{"name":"Object002","position":[1.14441e-07,0.563013,0.43082],"rotation":[-90,-0,0],"scale":[0.01,0.01,0.01]}],"parents":[-1,0],"skins":[],"vertices":[{"position":{"type":"float32","components":3,"data":[47.1627,-26.7528,30.8524,29.1109,-24.1422,23.0345,29.1109,-26.7528,30.8524,47.1627,-24.1422,23.0345]},"normal":{"type":"float32","components":3,"data":[0,0.948517,0.316728,0,0.948517,0.316728,0,0.948517,0.316728,0,0.948517,0.316728]},"color":{"type":"uint8","components":4,"data":[255,255,255,255,255,255,255,255,255,255,255,255,255,255,255,255]},"texCoord0":{"type":"float32","components":2,"data":[0.376594,1.02421,0.968933,-0.0381413,0.968935,1.02002,0.376597,-0.0339101]}}],"meshes":[{"aabb":{"min":[29.1109,-26.7528,23.0345],"max":[47.1627,1.17549e-38,30.8524]},"vertices":0,"indices":[0,1,2,1,0,3],"type":"triangles","base":0,"count":6}],"meshInstances":[{"node":1,"mesh":0}]}}